2016-02-25 15:53:00 UTC+0000,20.2301
2016-02-25 15:53:00 UTC+0000,20.2301
2016-02-25 15:53:00 UTC+0000,20.2301
2016-02-25 15:53:00 UTC+0000,20.2301
2016-02-25 15:53:00 UTC+0000,20.2301
2016-02-25 15:53:00 UTC+0000,20.2301
2016-02-25 15:53:00 UTC+0000,20.2301
2016-02-25 15:53:00 UTC+0000,20.2301
2016-02-25 15:53:00 UTC+0000,20.2301
2016-02-25 17:53:00 UTC+0000,20.2425
2016-02-25 17:53:00 UTC+0000,20.2425
2016-02-25 17:53:00 UTC+0000,20.2425
2016-02-25 17:53:00 UTC+0000,20.2425
2016-02-25 17:53:00 UTC+0000,20.2425
2016-02-25 17:53:00 UTC+0000,20.2425
2016-02-25 17:53:00 UTC+0000,20.2425
2016-02-25 17:53:00 UTC+0000,20.2425
2016-02-25 17:53:00 UTC+0000,20.2425
2016-02-25 17:53:00 UTC+0000,20.2425
2016-02-25 17:53:00 UTC+0000,20.2425
2016-02-25 17:53:00 UTC+0000,20.2425
2016-02-25 17:53:00 UTC+0000,20.2425
2016-02-25 17:53:00 UTC+0000,20.2425
2016-02-25 17:53:00 UTC+0000,20.2425
2016-02-25 17:53:00 UTC+0000,20.2425
2016-02-25 17:53:00 UTC+0000,20.2425
2016-02-25 17:53:00 UTC+0000,20.2425
2016-02-25 17:53:00 UTC+0000,20.2425
2016-02-25 17:53:00 UTC+0000,20.2425
2016-02-25 17:53:00 UTC+0000,20.2425
2016-02-25 17:53:00 UTC+0000,20.2425
2016-02-25 17:53:00 UTC+0000,20.2425
2016-02-25 17:53:00 UTC+0000,20.2425
2016-02-25 17:53:00 UTC+0000,20.2425
2016-02-25 18:07:00 UTC+0000,20.4133
2016-02-25 18:07:00 UTC+0000,20.4133
2016-02-25 18:07:00 UTC+0000,20.4133
2016-02-25 18:07:00 UTC+0000,20.4133
2016-02-25 18:07:00 UTC+0000,20.4133
2016-02-25 18:07:00 UTC+0000,20.4133
2016-02-25 18:07:00 UTC+0000,20.4133
2016-02-25 18:07:00 UTC+0000,20.4133
2016-02-25 18:07:00 UTC+0000,20.4133
2016-02-25 18:07:00 UTC+0000,20.4133
2016-02-25 18:07:00 UTC+0000,20.4133
2016-02-25 18:07:00 UTC+0000,20.4133
2016-02-25 18:07:00 UTC+0000,20.4133
2016-02-25 18:07:00 UTC+0000,20.4133
2016-02-25 18:07:00 UTC+0000,20.4133
2016-02-25 18:07:00 UTC+0000,20.4133
2016-02-25 18:07:00 UTC+0000,20.4133
2016-02-25 18:07:00 UTC+0000,20.4133
2016-02-25 18:07:00 UTC+0000,20.4133
2016-02-25 18:07:00 UTC+0000,20.4133
2016-02-25 18:07:00 UTC+0000,20.4133
2016-02-25 18:07:00 UTC+0000,20.4133
2016-02-25 18:07:00 UTC+0000,20.4133
2016-02-25 18:07:00 UTC+0000,20.4133
2016-02-25 18:07:00 UTC+0000,20.4133
2016-02-25 18:07:00 UTC+0000,20.4133
2016-02-25 18:07:00 UTC+0000,20.4133
2016-02-25 18:07:00 UTC+0000,20.4133
2016-02-25 18:07:00 UTC+0000,20.4133
2016-02-25 18:07:00 UTC+0000,20.4133
2016-02-25 18:07:00 UTC+0000,20.4133
2016-02-25 18:07:00 UTC+0000,20.4133
2016-02-25 18:07:00 UTC+0000,20.4133
2016-02-25 18:07:00 UTC+0000,20.4133
2016-02-25 18:26:00 UTC+0000,20.486
2016-02-25 18:26:00 UTC+0000,20.486
2016-02-25 18:26:00 UTC+0000,20.486
2016-02-25 18:26:00 UTC+0000,20.486
2016-02-25 18:26:00 UTC+0000,20.486
2016-02-25 18:26:00 UTC+0000,20.486
2016-02-25 18:26:00 UTC+0000,20.486
2016-02-25 18:26:00 UTC+0000,20.486
2016-02-25 18:26:00 UTC+0000,20.486
2016-02-25 18:26:00 UTC+0000,20.486
2016-02-25 18:26:00 UTC+0000,20.486
2016-02-25 18:26:00 UTC+0000,20.486
2016-02-25 18:26:00 UTC+0000,20.486
2016-02-25 18:26:00 UTC+0000,20.486
2016-02-25 18:26:00 UTC+0000,20.486
2016-02-25 18:26:00 UTC+0000,20.486
2016-02-25 18:26:00 UTC+0000,20.486
2016-02-25 18:26:00 UTC+0000,20.486
2016-02-25 18:26:00 UTC+0000,20.486
2016-02-25 18:26:00 UTC+0000,20.486
2016-02-25 18:26:00 UTC+0000,20.486
2016-02-25 18:26:00 UTC+0000,20.486
2016-02-25 18:26:00 UTC+0000,20.486
2016-02-25 18:26:00 UTC+0000,20.486
2016-02-25 18:26:00 UTC+0000,20.486
2016-02-25 18:26:00 UTC+0000,20.486
2016-02-25 18:26:00 UTC+0000,20.486
2016-02-25 18:26:00 UTC+0000,20.486
2016-02-25 18:26:00 UTC+0000,20.486
2016-02-25 18:26:00 UTC+0000,20.486
2016-02-25 18:26:00 UTC+0000,20.486
2016-02-25 18:26:00 UTC+0000,20.486
2016-02-25 18:26:00 UTC+0000,20.486
2016-02-25 18:26:00 UTC+0000,20.486
2016-02-25 18:26:00 UTC+0000,20.486
2016-02-25 18:26:00 UTC+0000,20.486
2016-02-25 18:26:00 UTC+0000,20.486
2016-02-25 18:26:00 UTC+0000,20.486
2016-02-25 18:26:00 UTC+0000,20.486
2016-02-25 18:26:00 UTC+0000,20.486
2016-02-25 18:26:00 UTC+0000,20.486
2016-02-25 18:26:00 UTC+0000,20.486
2016-02-25 18:26:00 UTC+0000,20.486
2016-02-25 18:26:00 UTC+0000,20.486
2016-02-25 18:26:00 UTC+0000,20.486
2016-02-25 18:26:00 UTC+0000,20.486
2016-02-25 18:26:00 UTC+0000,20.486
2016-02-25 18:26:00 UTC+0000,20.486
2016-02-25 18:26:00 UTC+0000,20.486
2016-02-25 18:26:00 UTC+0000,20.486
2016-02-25 18:26:00 UTC+0000,20.486
2016-02-25 18:26:00 UTC+0000,20.486
2016-02-25 18:26:00 UTC+0000,20.486
2016-02-25 18:26:00 UTC+0000,20.486
2016-02-25 18:26:00 UTC+0000,20.486
2016-02-25 18:26:00 UTC+0000,20.486
2016-02-25 18:26:00 UTC+0000,20.486
2016-02-25 18:26:00 UTC+0000,20.486
2016-02-25 18:26:00 UTC+0000,20.486
2016-02-25 18:26:00 UTC+0000,20.486
2016-02-25 18:26:00 UTC+0000,20.486
2016-02-25 18:26:00 UTC+0000,20.486
2016-02-25 18:26:00 UTC+0000,20.486
2016-02-25 18:26:00 UTC+0000,20.486
2016-02-25 18:26:00 UTC+0000,20.486
2016-02-25 18:26:00 UTC+0000,20.486
2016-02-25 18:26:00 UTC+0000,20.486
2016-02-25 18:26:00 UTC+0000,20.486
2016-02-25 18:26:00 UTC+0000,20.486
2016-02-25 18:26:00 UTC+0000,20.486
2016-02-25 18:26:00 UTC+0000,20.486
2016-02-25 18:26:00 UTC+0000,20.486
2016-02-25 18:26:00 UTC+0000,20.486
2016-02-25 18:26:00 UTC+0000,20.486
2016-02-25 18:26:00 UTC+0000,20.486
2016-02-25 18:26:00 UTC+0000,20.486
2016-02-25 18:26:00 UTC+0000,20.486
2016-02-25 18:26:00 UTC+0000,20.486
2016-02-25 18:26:00 UTC+0000,20.486
2016-02-25 18:26:00 UTC+0000,20.486
2016-02-25 18:26:00 UTC+0000,20.486
2016-02-25 18:26:00 UTC+0000,20.486
2016-02-25 18:26:00 UTC+0000,20.486
2016-02-25 18:26:00 UTC+0000,20.486
2016-02-25 18:26:00 UTC+0000,20.486
2016-02-25 18:26:00 UTC+0000,20.486
2016-02-25 18:26:00 UTC+0000,20.486
2016-02-25 18:26:00 UTC+0000,20.486
2016-02-25 20:17:00 UTC+0000,20.58
2016-02-25 20:17:00 UTC+0000,20.58
2016-02-25 20:17:00 UTC+0000,20.58
2016-02-25 20:17:00 UTC+0000,20.58
2016-02-25 20:17:00 UTC+0000,20.58
2016-02-25 20:24:00 UTC+0000,20.5685
2016-02-25 20:24:00 UTC+0000,20.5685
2016-02-25 20:24:00 UTC+0000,20.5685
2016-02-25 20:24:00 UTC+0000,20.5685
2016-02-25 20:24:00 UTC+0000,20.5685
2016-02-25 20:24:00 UTC+0000,20.5685
2016-02-25 20:24:00 UTC+0000,20.5685
2016-02-25 20:24:00 UTC+0000,20.5685
2016-02-25 20:24:00 UTC+0000,20.5685
2016-02-25 20:24:00 UTC+0000,20.5685
2016-02-25 20:24:00 UTC+0000,20.5685
2016-02-25 20:24:00 UTC+0000,20.5685
2016-02-25 20:24:00 UTC+0000,20.5685
2016-02-25 20:24:00 UTC+0000,20.5685
2016-02-25 20:24:00 UTC+0000,20.5685
2016-02-25 20:24:00 UTC+0000,20.5685
2016-02-25 20:24:00 UTC+0000,20.5685
2016-02-25 20:24:00 UTC+0000,20.5685
2016-02-25 20:24:00 UTC+0000,20.5685
2016-02-25 20:35:00 UTC+0000,20.3939
2016-02-25 20:35:00 UTC+0000,20.3939
2016-02-25 20:35:00 UTC+0000,20.3939
2016-02-25 20:35:00 UTC+0000,20.3939
2016-02-25 20:35:00 UTC+0000,20.3939
2016-02-25 20:35:00 UTC+0000,20.3939
2016-02-25 20:35:00 UTC+0000,20.3939
2016-02-25 20:35:00 UTC+0000,20.3939
2016-02-25 20:35:00 UTC+0000,20.3939
2016-02-25 20:35:00 UTC+0000,20.3939
2016-02-25 20:35:00 UTC+0000,20.3939
2016-02-25 20:35:00 UTC+0000,20.3939
2016-02-25 20:35:00 UTC+0000,20.3939
2016-02-25 20:35:00 UTC+0000,20.3939
2016-02-25 20:35:00 UTC+0000,20.3939
2016-02-25 20:35:00 UTC+0000,20.3939
2016-02-25 20:35:00 UTC+0000,20.3939
2016-02-26 14:41:00 UTC+0000,20.84
2016-02-26 14:41:00 UTC+0000,20.84
2016-02-26 14:41:00 UTC+0000,20.84
2016-02-26 14:41:00 UTC+0000,20.84
2016-02-26 14:41:00 UTC+0000,20.84
2016-02-26 14:41:00 UTC+0000,20.84
2016-02-26 14:41:00 UTC+0000,20.84
2016-02-26 14:41:00 UTC+0000,20.84
2016-02-26 14:41:00 UTC+0000,20.84
2016-02-26 14:41:00 UTC+0000,20.84
2016-02-26 14:41:00 UTC+0000,20.84
2016-02-26 15:34:00 UTC+0000,20.73
2016-02-26 15:35:00 UTC+0000,20.75
2016-02-26 15:35:00 UTC+0000,20.75
2016-02-26 15:35:00 UTC+0000,20.75
2016-02-26 15:35:00 UTC+0000,20.75
2016-02-26 15:35:00 UTC+0000,20.75
2016-02-26 15:35:00 UTC+0000,20.75
2016-02-26 15:35:00 UTC+0000,20.75
2016-02-26 15:35:00 UTC+0000,20.75
2016-02-26 15:35:00 UTC+0000,20.75
2016-02-26 15:35:00 UTC+0000,20.75
2016-02-26 15:35:00 UTC+0000,20.75
2016-02-26 15:35:00 UTC+0000,20.75
2016-02-26 15:35:00 UTC+0000,20.75
2016-02-26 15:35:00 UTC+0000,20.75
2016-02-26 15:35:00 UTC+0000,20.75
2016-02-26 15:35:00 UTC+0000,20.75
2016-02-26 15:35:00 UTC+0000,20.75
2016-02-26 15:35:00 UTC+0000,20.75
2016-02-26 15:35:00 UTC+0000,20.75
2016-02-26 15:35:00 UTC+0000,20.75
2016-02-26 15:35:00 UTC+0000,20.75
2016-02-26 15:35:00 UTC+0000,20.75
2016-02-26 15:35:00 UTC+0000,20.75
2016-02-26 15:35:00 UTC+0000,20.75
2016-02-26 15:35:00 UTC+0000,20.75
2016-02-26 15:35:00 UTC+0000,20.75
2016-02-26 15:35:00 UTC+0000,20.75
2016-02-26 15:35:00 UTC+0000,20.75
2016-02-26 15:35:00 UTC+0000,20.75
2016-02-26 15:35:00 UTC+0000,20.75
2016-02-26 15:35:00 UTC+0000,20.75
2016-02-26 15:35:00 UTC+0000,20.75
2016-02-26 15:35:00 UTC+0000,20.75
2016-02-26 15:35:00 UTC+0000,20.75
2016-02-26 15:35:00 UTC+0000,20.75
2016-02-26 15:35:00 UTC+0000,20.75
2016-02-26 15:35:00 UTC+0000,20.75
2016-02-26 15:35:00 UTC+0000,20.75
2016-02-26 15:35:00 UTC+0000,20.75
2016-02-26 15:35:00 UTC+0000,20.75
2016-02-26 15:35:00 UTC+0000,20.75
2016-02-26 15:35:00 UTC+0000,20.75
2016-02-26 15:35:00 UTC+0000,20.75
2016-02-26 15:35:00 UTC+0000,20.75
2016-02-26 15:35:00 UTC+0000,20.75
2016-02-26 16:37:00 UTC+0000,20.74
2016-02-26 16:37:00 UTC+0000,20.74
2016-02-26 16:37:00 UTC+0000,20.74
2016-02-26 16:37:00 UTC+0000,20.74
2016-02-26 16:37:00 UTC+0000,20.74
2016-02-26 16:45:00 UTC+0000,20.72
2016-02-26 16:45:00 UTC+0000,20.72
2016-02-26 16:45:00 UTC+0000,20.72
2016-02-26 16:45:00 UTC+0000,20.72
2016-02-26 16:45:00 UTC+0000,20.72
2016-02-26 16:45:00 UTC+0000,20.72
2016-02-26 16:45:00 UTC+0000,20.72
2016-02-26 16:45:00 UTC+0000,20.72
2016-02-26 16:45:00 UTC+0000,20.72
2016-02-26 16:45:00 UTC+0000,20.72
2016-02-26 16:45:00 UTC+0000,20.72
2016-02-26 16:45:00 UTC+0000,20.72
2016-02-26 16:45:00 UTC+0000,20.72
2016-02-26 16:45:00 UTC+0000,20.72
2016-02-26 16:45:00 UTC+0000,20.72
2016-02-26 16:45:00 UTC+0000,20.72
2016-02-26 16:45:00 UTC+0000,20.72
2016-02-26 16:45:00 UTC+0000,20.72
2016-02-26 16:45:00 UTC+0000,20.72
2016-02-26 16:45:00 UTC+0000,20.72
2016-02-26 16:45:00 UTC+0000,20.72
2016-02-26 16:45:00 UTC+0000,20.72
2016-02-26 16:45:00 UTC+0000,20.72
2016-02-26 16:45:00 UTC+0000,20.72
2016-02-26 16:45:00 UTC+0000,20.72
2016-02-26 16:45:00 UTC+0000,20.72
2016-02-26 17:23:00 UTC+0000,20.75
2016-02-26 17:23:00 UTC+0000,20.75
2016-02-26 17:23:00 UTC+0000,20.75
2016-02-26 17:23:00 UTC+0000,20.75
2016-02-26 17:23:00 UTC+0000,20.75
2016-02-29 17:45:00 UTC+0000,20.74
2016-02-29 17:45:00 UTC+0000,20.74
2016-02-29 17:45:00 UTC+0000,20.74
2016-02-29 17:45:00 UTC+0000,20.74
2016-02-29 17:45:00 UTC+0000,20.74
2016-02-29 17:45:00 UTC+0000,20.74
2016-02-29 17:45:00 UTC+0000,20.74
2016-02-29 17:45:00 UTC+0000,20.74
2016-02-29 17:45:00 UTC+0000,20.74
2016-02-29 17:45:00 UTC+0000,20.74
2016-02-29 17:45:00 UTC+0000,20.74
2016-02-29 17:45:00 UTC+0000,20.74
2016-02-29 17:45:00 UTC+0000,20.74
2016-02-29 17:45:00 UTC+0000,20.74
2016-02-29 17:45:00 UTC+0000,20.74
2016-02-29 17:45:00 UTC+0000,20.74
2016-02-29 17:45:00 UTC+0000,20.74
2016-02-29 17:45:00 UTC+0000,20.74
2016-02-29 17:45:00 UTC+0000,20.74
2016-02-29 17:45:00 UTC+0000,20.74
2016-02-29 17:45:00 UTC+0000,20.74
2016-02-29 17:45:00 UTC+0000,20.74
2016-02-29 17:45:00 UTC+0000,20.74
2016-02-29 17:45:00 UTC+0000,20.74
2016-02-29 17:45:00 UTC+0000,20.74
2016-02-29 17:45:00 UTC+0000,20.74
2016-02-29 17:45:00 UTC+0000,20.74
2016-02-29 18:21:00 UTC+0000,20.72
2016-02-29 18:21:00 UTC+0000,20.72
2016-02-29 18:21:00 UTC+0000,20.72
2016-02-29 18:21:00 UTC+0000,20.72
2016-02-29 18:21:00 UTC+0000,20.72
2016-02-29 18:21:00 UTC+0000,20.72
2016-02-29 18:21:00 UTC+0000,20.72
2016-02-29 18:21:00 UTC+0000,20.72
2016-02-29 18:21:00 UTC+0000,20.72
2016-02-29 18:21:00 UTC+0000,20.72
2016-02-29 18:21:00 UTC+0000,20.72
2016-02-29 18:21:00 UTC+0000,20.72
2016-02-29 18:21:00 UTC+0000,20.72
2016-02-29 18:21:00 UTC+0000,20.72
2016-02-29 18:21:00 UTC+0000,20.72
2016-02-29 18:21:00 UTC+0000,20.72
2016-02-29 18:21:00 UTC+0000,20.72
2016-02-29 18:21:00 UTC+0000,20.72
2016-02-29 18:21:00 UTC+0000,20.72
2016-02-29 18:21:00 UTC+0000,20.72
2016-02-29 18:21:00 UTC+0000,20.72
2016-02-29 18:21:00 UTC+0000,20.72
2016-02-29 18:21:00 UTC+0000,20.72
2016-02-29 18:21:00 UTC+0000,20.72
2016-02-29 18:21:00 UTC+0000,20.72
2016-02-29 18:21:00 UTC+0000,20.72
2016-02-29 18:21:00 UTC+0000,20.72
2016-02-29 18:21:00 UTC+0000,20.72
2016-02-29 18:21:00 UTC+0000,20.72
2016-02-29 18:21:00 UTC+0000,20.72
2016-02-29 18:21:00 UTC+0000,20.72
2016-02-29 18:21:00 UTC+0000,20.72
2016-02-29 18:21:00 UTC+0000,20.72
2016-02-29 19:09:00 UTC+0000,20.65
2016-02-29 19:11:00 UTC+0000,20.615
2016-02-29 19:11:00 UTC+0000,20.615
2016-02-29 19:11:00 UTC+0000,20.615
2016-02-29 19:11:00 UTC+0000,20.615
2016-02-29 19:11:00 UTC+0000,20.615
2016-02-29 19:11:00 UTC+0000,20.615
2016-02-29 19:11:00 UTC+0000,20.615
2016-02-29 19:11:00 UTC+0000,20.615
2016-02-29 19:11:00 UTC+0000,20.615
2016-03-01 18:28:00 UTC+0000,20.74
2016-03-01 19:42:00 UTC+0000,20.73
2016-03-01 19:42:00 UTC+0000,20.73
2016-03-01 19:42:00 UTC+0000,20.73
2016-03-01 19:42:00 UTC+0000,20.73
2016-03-01 19:42:00 UTC+0000,20.73
2016-03-01 19:42:00 UTC+0000,20.73
2016-03-01 19:42:00 UTC+0000,20.73
2016-03-01 19:42:00 UTC+0000,20.73
2016-03-01 19:42:00 UTC+0000,20.73
2016-03-01 19:42:00 UTC+0000,20.73
2016-03-01 19:42:00 UTC+0000,20.73
2016-03-01 19:42:00 UTC+0000,20.73
2016-03-01 19:42:00 UTC+0000,20.73
2016-03-01 19:42:00 UTC+0000,20.73
2016-03-01 19:42:00 UTC+0000,20.73
2016-03-01 19:42:00 UTC+0000,20.73
2016-03-01 19:42:00 UTC+0000,20.73
2016-03-01 19:42:00 UTC+0000,20.73
2016-03-01 19:42:00 UTC+0000,20.73
2016-03-01 19:42:00 UTC+0000,20.73
2016-03-01 19:42:00 UTC+0000,20.73
2016-03-01 19:42:00 UTC+0000,20.73
2016-03-01 19:42:00 UTC+0000,20.73
2016-03-01 19:42:00 UTC+0000,20.73
2016-03-01 19:42:00 UTC+0000,20.73
2016-03-01 19:42:00 UTC+0000,20.73
2016-03-01 19:42:00 UTC+0000,20.73
2016-03-01 19:42:00 UTC+0000,20.73
2016-03-01 19:42:00 UTC+0000,20.73
2016-03-01 19:42:00 UTC+0000,20.73
2016-03-01 19:42:00 UTC+0000,20.73
2016-03-01 19:42:00 UTC+0000,20.73
2016-03-01 19:42:00 UTC+0000,20.73
2016-03-01 19:42:00 UTC+0000,20.73
2016-03-01 19:42:00 UTC+0000,20.73
2016-03-01 19:42:00 UTC+0000,20.73
2016-03-01 19:42:00 UTC+0000,20.73
2016-03-01 19:42:00 UTC+0000,20.73
2016-03-01 20:03:00 UTC+0000,20.74
2016-03-01 20:03:00 UTC+0000,20.74
2016-03-01 20:03:00 UTC+0000,20.74
2016-03-01 20:03:00 UTC+0000,20.74
2016-03-01 20:03:00 UTC+0000,20.74
2016-03-01 20:03:00 UTC+0000,20.74
2016-03-01 20:03:00 UTC+0000,20.74
2016-03-01 20:03:00 UTC+0000,20.74
2016-03-01 20:03:00 UTC+0000,20.74
2016-03-01 20:03:00 UTC+0000,20.74
2016-03-01 20:03:00 UTC+0000,20.74
2016-03-01 20:03:00 UTC+0000,20.74
2016-03-01 20:03:00 UTC+0000,20.74
2016-03-01 20:03:00 UTC+0000,20.74
2016-03-01 20:03:00 UTC+0000,20.74
2016-03-01 20:03:00 UTC+0000,20.74
2016-03-01 20:03:00 UTC+0000,20.74
2016-03-01 20:03:00 UTC+0000,20.74
2016-03-01 20:03:00 UTC+0000,20.74
2016-03-01 20:03:00 UTC+0000,20.74
2016-03-01 20:03:00 UTC+0000,20.74
2016-03-01 20:03:00 UTC+0000,20.74
2016-03-01 20:03:00 UTC+0000,20.74
2016-03-01 20:03:00 UTC+0000,20.74
2016-03-01 20:03:00 UTC+0000,20.74
2016-03-01 20:03:00 UTC+0000,20.74
2016-03-01 20:03:00 UTC+0000,20.74
2016-03-01 20:03:00 UTC+0000,20.74
2016-03-01 20:03:00 UTC+0000,20.74
2016-03-01 20:03:00 UTC+0000,20.74
2016-03-01 20:03:00 UTC+0000,20.74
2016-03-03 17:34:00 UTC+0000,20.77
2016-03-03 17:34:00 UTC+0000,20.77
2016-03-03 17:34:00 UTC+0000,20.77
2016-03-03 17:34:00 UTC+0000,20.77
2016-03-03 17:34:00 UTC+0000,20.77
2016-03-03 17:34:00 UTC+0000,20.77
2016-03-03 17:34:00 UTC+0000,20.77
2016-03-03 17:34:00 UTC+0000,20.77
2016-03-03 17:34:00 UTC+0000,20.77
2016-03-03 17:34:00 UTC+0000,20.77
2016-03-03 17:34:00 UTC+0000,20.77
2016-03-03 17:34:00 UTC+0000,20.77
2016-03-03 17:34:00 UTC+0000,20.77
2016-03-03 17:34:00 UTC+0000,20.77
2016-03-03 17:34:00 UTC+0000,20.77
2016-03-03 17:34:00 UTC+0000,20.77
2016-03-03 17:34:00 UTC+0000,20.77
2016-03-03 17:34:00 UTC+0000,20.77
2016-03-03 17:34:00 UTC+0000,20.77
2016-03-03 17:34:00 UTC+0000,20.77
2016-03-03 17:34:00 UTC+0000,20.77
2016-03-03 17:34:00 UTC+0000,20.77
2016-03-03 17:34:00 UTC+0000,20.77
2016-03-03 17:34:00 UTC+0000,20.77
2016-03-03 17:34:00 UTC+0000,20.77
2016-03-03 17:34:00 UTC+0000,20.77
2016-03-03 17:34:00 UTC+0000,20.77
2016-03-03 17:34:00 UTC+0000,20.77
2016-03-03 17:34:00 UTC+0000,20.77
2016-03-03 17:34:00 UTC+0000,20.77
2016-03-03 17:34:00 UTC+0000,20.77
2016-03-03 17:34:00 UTC+0000,20.77
2016-03-03 17:34:00 UTC+0000,20.77
2016-03-03 17:34:00 UTC+0000,20.77
2016-03-03 17:34:00 UTC+0000,20.77
2016-03-03 17:34:00 UTC+0000,20.77
2016-03-03 17:34:00 UTC+0000,20.77
2016-03-03 17:34:00 UTC+0000,20.77
2016-03-03 17:34:00 UTC+0000,20.77
2016-03-03 17:34:00 UTC+0000,20.77
2016-03-03 17:34:00 UTC+0000,20.77
2016-03-03 17:34:00 UTC+0000,20.77
2016-03-03 17:34:00 UTC+0000,20.77
2016-03-03 17:34:00 UTC+0000,20.77
2016-03-03 17:34:00 UTC+0000,20.77
2016-03-03 17:34:00 UTC+0000,20.77
2016-03-03 17:34:00 UTC+0000,20.77
2016-03-03 17:34:00 UTC+0000,20.77
2016-03-03 17:34:00 UTC+0000,20.77
2016-03-03 17:34:00 UTC+0000,20.77
2016-03-03 17:34:00 UTC+0000,20.77
2016-03-03 17:34:00 UTC+0000,20.77
2016-03-03 17:34:00 UTC+0000,20.77
2016-03-03 17:34:00 UTC+0000,20.77
2016-03-03 17:34:00 UTC+0000,20.77
2016-03-03 17:34:00 UTC+0000,20.77
2016-03-03 17:34:00 UTC+0000,20.77
2016-03-03 17:34:00 UTC+0000,20.77
2016-03-03 17:34:00 UTC+0000,20.77
2016-03-03 17:34:00 UTC+0000,20.77
2016-03-03 17:34:00 UTC+0000,20.77
2016-03-03 17:34:00 UTC+0000,20.77
2016-03-03 17:34:00 UTC+0000,20.77
2016-03-03 17:34:00 UTC+0000,20.77
2016-03-03 17:34:00 UTC+0000,20.77
2016-03-03 17:34:00 UTC+0000,20.77
2016-03-03 17:34:00 UTC+0000,20.77
2016-03-03 17:34:00 UTC+0000,20.77
2016-03-03 17:34:00 UTC+0000,20.77
2016-03-03 17:34:00 UTC+0000,20.77
2016-03-03 17:34:00 UTC+0000,20.77
2016-03-03 17:34:00 UTC+0000,20.77
2016-03-03 17:34:00 UTC+0000,20.77
2016-03-03 17:34:00 UTC+0000,20.77
2016-03-03 17:34:00 UTC+0000,20.77
2016-03-03 17:34:00 UTC+0000,20.77
2016-03-03 17:34:00 UTC+0000,20.77
2016-03-03 17:34:00 UTC+0000,20.77
2016-03-03 17:34:00 UTC+0000,20.77
2016-03-03 17:34:00 UTC+0000,20.77
2016-03-03 17:34:00 UTC+0000,20.77
2016-03-03 17:34:00 UTC+0000,20.77
2016-03-03 17:34:00 UTC+0000,20.77
2016-03-03 17:34:00 UTC+0000,20.77
2016-03-03 17:34:00 UTC+0000,20.77
2016-03-03 17:34:00 UTC+0000,20.77
2016-03-03 17:34:00 UTC+0000,20.77
2016-03-03 17:34:00 UTC+0000,20.77
2016-03-03 17:34:00 UTC+0000,20.77
2016-03-03 17:34:00 UTC+0000,20.77
2016-03-03 17:34:00 UTC+0000,20.77
2016-03-03 17:34:00 UTC+0000,20.77
2016-03-03 17:34:00 UTC+0000,20.77
2016-03-03 17:34:00 UTC+0000,20.77
2016-03-03 17:34:00 UTC+0000,20.77
2016-03-03 17:34:00 UTC+0000,20.77
2016-03-03 17:34:00 UTC+0000,20.77
2016-03-03 17:34:00 UTC+0000,20.77
2016-03-03 17:34:00 UTC+0000,20.77
2016-03-03 17:34:00 UTC+0000,20.77
2016-03-03 17:34:00 UTC+0000,20.77
2016-03-03 17:34:00 UTC+0000,20.77
2016-03-03 17:34:00 UTC+0000,20.77
2016-03-03 17:34:00 UTC+0000,20.77
2016-03-03 17:34:00 UTC+0000,20.77
2016-03-03 17:34:00 UTC+0000,20.77
2016-03-03 17:34:00 UTC+0000,20.77
2016-03-03 17:34:00 UTC+0000,20.77
2016-03-03 17:34:00 UTC+0000,20.77
2016-03-03 17:34:00 UTC+0000,20.77
2016-03-03 17:34:00 UTC+0000,20.77
2016-03-03 17:34:00 UTC+0000,20.77
2016-03-03 17:34:00 UTC+0000,20.77
2016-03-03 17:34:00 UTC+0000,20.77
2016-03-03 17:34:00 UTC+0000,20.77
2016-03-03 17:34:00 UTC+0000,20.77
2016-03-03 17:34:00 UTC+0000,20.77
2016-03-03 17:34:00 UTC+0000,20.77
2016-03-03 17:34:00 UTC+0000,20.77
2016-03-03 17:34:00 UTC+0000,20.77
2016-03-03 17:34:00 UTC+0000,20.77
2016-03-03 17:34:00 UTC+0000,20.77
2016-03-03 17:34:00 UTC+0000,20.77
2016-03-03 17:34:00 UTC+0000,20.77
2016-03-03 17:34:00 UTC+0000,20.77
2016-03-03 17:34:00 UTC+0000,20.77
2016-03-03 17:34:00 UTC+0000,20.77
2016-03-03 17:34:00 UTC+0000,20.77
2016-03-03 17:34:00 UTC+0000,20.77
2016-03-03 17:34:00 UTC+0000,20.77
2016-03-03 17:34:00 UTC+0000,20.77
2016-03-03 17:34:00 UTC+0000,20.77
2016-03-03 17:34:00 UTC+0000,20.77
2016-03-03 17:34:00 UTC+0000,20.77
2016-03-03 17:34:00 UTC+0000,20.77
2016-03-03 17:34:00 UTC+0000,20.77
2016-03-03 17:34:00 UTC+0000,20.77
2016-03-03 17:34:00 UTC+0000,20.77
2016-03-03 17:34:00 UTC+0000,20.77
2016-03-03 17:34:00 UTC+0000,20.77
2016-03-03 17:34:00 UTC+0000,20.77
2016-03-03 17:34:00 UTC+0000,20.77
2016-03-03 17:34:00 UTC+0000,20.77
2016-03-03 17:34:00 UTC+0000,20.77
2016-03-03 17:34:00 UTC+0000,20.77
2016-03-03 17:34:00 UTC+0000,20.77
2016-03-03 17:34:00 UTC+0000,20.77
2016-03-03 17:34:00 UTC+0000,20.77
2016-03-03 17:34:00 UTC+0000,20.77
2016-03-03 17:34:00 UTC+0000,20.77
2016-03-03 17:34:00 UTC+0000,20.77
2016-03-03 17:34:00 UTC+0000,20.77
2016-03-03 17:34:00 UTC+0000,20.77
2016-03-03 17:34:00 UTC+0000,20.77
2016-03-03 17:34:00 UTC+0000,20.77
2016-03-03 17:34:00 UTC+0000,20.77
2016-03-03 17:34:00 UTC+0000,20.77
2016-03-03 17:34:00 UTC+0000,20.77
2016-03-03 17:34:00 UTC+0000,20.77
2016-03-03 17:34:00 UTC+0000,20.77
2016-03-03 17:34:00 UTC+0000,20.77
2016-03-03 17:34:00 UTC+0000,20.77
2016-03-03 17:34:00 UTC+0000,20.77
2016-03-03 17:34:00 UTC+0000,20.77
2016-03-03 17:34:00 UTC+0000,20.77
2016-03-03 17:34:00 UTC+0000,20.77
2016-03-03 17:34:00 UTC+0000,20.77
2016-03-03 17:34:00 UTC+0000,20.77
2016-03-03 17:34:00 UTC+0000,20.77
2016-03-03 17:34:00 UTC+0000,20.77
2016-03-03 17:34:00 UTC+0000,20.77
2016-03-03 17:34:00 UTC+0000,20.77
2016-03-03 17:34:00 UTC+0000,20.77
2016-03-03 17:34:00 UTC+0000,20.77
2016-03-03 17:34:00 UTC+0000,20.77
2016-03-03 17:34:00 UTC+0000,20.77
2016-03-03 17:34:00 UTC+0000,20.77
2016-03-03 17:34:00 UTC+0000,20.77
2016-03-03 17:34:00 UTC+0000,20.77
2016-03-03 17:34:00 UTC+0000,20.77
2016-03-03 17:34:00 UTC+0000,20.77
2016-03-03 17:34:00 UTC+0000,20.77
2016-03-03 17:34:00 UTC+0000,20.77
2016-03-03 17:34:00 UTC+0000,20.77
2016-03-03 17:34:00 UTC+0000,20.77
2016-03-03 17:34:00 UTC+0000,20.77
2016-03-03 17:34:00 UTC+0000,20.77
2016-03-03 17:34:00 UTC+0000,20.77
2016-03-03 17:34:00 UTC+0000,20.77
2016-03-03 17:34:00 UTC+0000,20.77
2016-03-03 17:34:00 UTC+0000,20.77
2016-03-03 17:34:00 UTC+0000,20.77
2016-03-03 17:34:00 UTC+0000,20.77
2016-03-03 17:34:00 UTC+0000,20.77
2016-03-03 17:34:00 UTC+0000,20.77
2016-03-03 17:34:00 UTC+0000,20.77
2016-03-03 17:34:00 UTC+0000,20.77
2016-03-03 17:34:00 UTC+0000,20.77
2016-03-03 17:34:00 UTC+0000,20.77
2016-03-03 17:34:00 UTC+0000,20.77
2016-03-03 17:34:00 UTC+0000,20.77
2016-03-03 17:34:00 UTC+0000,20.77
2016-03-03 17:34:00 UTC+0000,20.77
2016-03-03 17:34:00 UTC+0000,20.77
2016-03-03 17:34:00 UTC+0000,20.77
2016-03-03 17:34:00 UTC+0000,20.77
2016-03-03 17:34:00 UTC+0000,20.77
2016-03-03 17:34:00 UTC+0000,20.77
2016-03-03 17:34:00 UTC+0000,20.77
2016-03-03 17:34:00 UTC+0000,20.77
2016-03-03 17:34:00 UTC+0000,20.77
2016-03-03 17:34:00 UTC+0000,20.77
2016-03-03 17:34:00 UTC+0000,20.77
2016-03-03 17:34:00 UTC+0000,20.77
2016-03-03 17:34:00 UTC+0000,20.77
2016-03-03 17:34:00 UTC+0000,20.77
2016-03-03 17:34:00 UTC+0000,20.77
2016-03-03 17:34:00 UTC+0000,20.77
2016-03-03 17:34:00 UTC+0000,20.77
2016-03-03 17:34:00 UTC+0000,20.77
2016-03-03 17:34:00 UTC+0000,20.77
2016-03-03 17:34:00 UTC+0000,20.77
2016-03-03 17:34:00 UTC+0000,20.77
2016-03-03 17:34:00 UTC+0000,20.77
2016-03-03 17:34:00 UTC+0000,20.77
2016-03-03 17:34:00 UTC+0000,20.77
2016-03-03 17:34:00 UTC+0000,20.77
2016-03-03 17:34:00 UTC+0000,20.77
2016-03-03 17:34:00 UTC+0000,20.77
2016-03-03 17:34:00 UTC+0000,20.77
2016-03-03 17:34:00 UTC+0000,20.77
2016-03-03 17:34:00 UTC+0000,20.77
2016-03-03 17:34:00 UTC+0000,20.77
2016-03-03 17:34:00 UTC+0000,20.77
2016-03-03 17:34:00 UTC+0000,20.77
2016-03-03 17:34:00 UTC+0000,20.77
2016-03-03 17:34:00 UTC+0000,20.77
2016-03-03 17:34:00 UTC+0000,20.77
2016-03-03 17:34:00 UTC+0000,20.77
2016-03-03 17:34:00 UTC+0000,20.77
2016-03-03 17:34:00 UTC+0000,20.77
2016-03-03 17:34:00 UTC+0000,20.77
2016-03-03 17:34:00 UTC+0000,20.77
2016-03-03 17:34:00 UTC+0000,20.77
2016-03-03 17:34:00 UTC+0000,20.77
2016-03-03 17:34:00 UTC+0000,20.77
2016-03-03 17:34:00 UTC+0000,20.77
2016-03-03 17:34:00 UTC+0000,20.77
2016-03-03 17:34:00 UTC+0000,20.77
2016-03-03 17:34:00 UTC+0000,20.77
2016-03-03 17:34:00 UTC+0000,20.77
2016-03-03 17:34:00 UTC+0000,20.77
2016-03-03 17:34:00 UTC+0000,20.77
2016-03-03 17:34:00 UTC+0000,20.77
2016-03-03 17:34:00 UTC+0000,20.77
2016-03-03 17:34:00 UTC+0000,20.77
2016-03-03 17:34:00 UTC+0000,20.77
2016-03-03 17:34:00 UTC+0000,20.77
2016-03-03 17:34:00 UTC+0000,20.77
2016-03-03 17:34:00 UTC+0000,20.77
2016-03-03 17:34:00 UTC+0000,20.77
2016-03-03 17:34:00 UTC+0000,20.77
2016-03-03 17:34:00 UTC+0000,20.77
2016-03-03 17:34:00 UTC+0000,20.77
2016-03-03 17:34:00 UTC+0000,20.77
2016-03-03 17:34:00 UTC+0000,20.77
2016-03-03 17:34:00 UTC+0000,20.77
2016-03-03 17:34:00 UTC+0000,20.77
2016-03-03 17:34:00 UTC+0000,20.77
2016-03-03 17:34:00 UTC+0000,20.77
2016-03-09 18:36:00 UTC+0000,20.79
2016-03-09 18:36:00 UTC+0000,20.79
2016-03-09 18:36:00 UTC+0000,20.79
2016-03-09 18:36:00 UTC+0000,20.79
2016-03-09 18:36:00 UTC+0000,20.79
2016-03-09 18:36:00 UTC+0000,20.79
2016-03-09 18:36:00 UTC+0000,20.79
2016-03-09 18:36:00 UTC+0000,20.79
2016-03-09 18:36:00 UTC+0000,20.79
2016-03-09 18:36:00 UTC+0000,20.79
2016-03-09 18:36:00 UTC+0000,20.79
2016-03-09 18:36:00 UTC+0000,20.79
2016-03-09 18:36:00 UTC+0000,20.79
2016-03-09 18:36:00 UTC+0000,20.79
2016-03-09 18:36:00 UTC+0000,20.79
2016-03-09 18:36:00 UTC+0000,20.79
2016-03-09 18:36:00 UTC+0000,20.79
2016-03-09 18:36:00 UTC+0000,20.79
2016-03-09 18:36:00 UTC+0000,20.79
2016-03-09 18:36:00 UTC+0000,20.79
2016-03-09 18:36:00 UTC+0000,20.79
2016-03-09 18:36:00 UTC+0000,20.79
2016-03-09 18:36:00 UTC+0000,20.79
2016-03-09 18:36:00 UTC+0000,20.79
2016-03-09 18:36:00 UTC+0000,20.79
2016-03-09 18:36:00 UTC+0000,20.79
2016-03-09 18:36:00 UTC+0000,20.79
2016-03-09 18:36:00 UTC+0000,20.79
2016-03-09 18:36:00 UTC+0000,20.79
2016-03-09 18:36:00 UTC+0000,20.79
2016-03-09 18:36:00 UTC+0000,20.79
2016-03-09 18:36:00 UTC+0000,20.79
2016-03-09 18:36:00 UTC+0000,20.79
2016-03-09 18:36:00 UTC+0000,20.79
2016-03-09 18:36:00 UTC+0000,20.79
2016-03-09 18:36:00 UTC+0000,20.79
2016-03-09 18:36:00 UTC+0000,20.79
2016-03-09 18:36:00 UTC+0000,20.79
2016-03-09 18:36:00 UTC+0000,20.79
2016-03-09 18:36:00 UTC+0000,20.79
2016-03-09 18:36:00 UTC+0000,20.79
2016-03-09 18:36:00 UTC+0000,20.79
2016-03-09 18:36:00 UTC+0000,20.79
2016-03-09 18:36:00 UTC+0000,20.79
2016-03-09 18:36:00 UTC+0000,20.79
2016-03-09 18:36:00 UTC+0000,20.79
2016-03-09 18:36:00 UTC+0000,20.79
2016-03-09 18:36:00 UTC+0000,20.79
2016-03-09 18:36:00 UTC+0000,20.79
2016-03-09 18:36:00 UTC+0000,20.79
2016-03-09 18:36:00 UTC+0000,20.79
2016-03-09 18:36:00 UTC+0000,20.79
2016-03-09 18:36:00 UTC+0000,20.79
2016-03-09 18:36:00 UTC+0000,20.79
2016-03-09 18:36:00 UTC+0000,20.79
2016-03-09 18:36:00 UTC+0000,20.79
2016-03-09 18:36:00 UTC+0000,20.79
2016-03-09 18:36:00 UTC+0000,20.79
2016-03-09 18:36:00 UTC+0000,20.79
2016-03-09 18:36:00 UTC+0000,20.79
2016-03-09 18:36:00 UTC+0000,20.79
2016-03-09 18:36:00 UTC+0000,20.79
2016-03-09 18:36:00 UTC+0000,20.79
2016-03-09 18:36:00 UTC+0000,20.79
2016-03-09 18:36:00 UTC+0000,20.79
2016-03-09 18:36:00 UTC+0000,20.79
2016-03-09 18:36:00 UTC+0000,20.79
2016-03-09 18:36:00 UTC+0000,20.79
2016-03-09 18:36:00 UTC+0000,20.79
2016-03-09 18:36:00 UTC+0000,20.79
2016-03-09 18:36:00 UTC+0000,20.79
2016-03-09 18:36:00 UTC+0000,20.79
2016-03-09 18:36:00 UTC+0000,20.79
2016-03-09 18:36:00 UTC+0000,20.79
2016-03-09 18:36:00 UTC+0000,20.79
2016-03-09 18:36:00 UTC+0000,20.79
2016-03-09 18:36:00 UTC+0000,20.79
2016-03-09 18:36:00 UTC+0000,20.79
2016-03-09 18:36:00 UTC+0000,20.79
2016-03-09 18:36:00 UTC+0000,20.79
2016-03-09 18:36:00 UTC+0000,20.79
2016-03-09 18:36:00 UTC+0000,20.79
2016-03-09 18:36:00 UTC+0000,20.79
2016-03-09 18:36:00 UTC+0000,20.79
2016-03-09 18:36:00 UTC+0000,20.79
2016-03-09 18:36:00 UTC+0000,20.79
2016-03-09 18:36:00 UTC+0000,20.79
2016-03-09 18:36:00 UTC+0000,20.79
2016-03-09 18:36:00 UTC+0000,20.79
2016-03-09 18:36:00 UTC+0000,20.79
2016-03-09 18:36:00 UTC+0000,20.79
2016-03-09 18:36:00 UTC+0000,20.79
2016-03-09 18:36:00 UTC+0000,20.79
2016-03-09 18:36:00 UTC+0000,20.79
2016-03-09 18:36:00 UTC+0000,20.79
2016-03-09 18:36:00 UTC+0000,20.79
2016-03-09 18:36:00 UTC+0000,20.79
2016-03-09 18:36:00 UTC+0000,20.79
2016-03-09 18:36:00 UTC+0000,20.79
2016-03-09 18:36:00 UTC+0000,20.79
2016-03-09 18:36:00 UTC+0000,20.79
2016-03-09 18:36:00 UTC+0000,20.79
2016-03-09 18:36:00 UTC+0000,20.79
2016-03-09 18:36:00 UTC+0000,20.79
2016-03-09 18:36:00 UTC+0000,20.79
2016-03-09 18:36:00 UTC+0000,20.79
2016-03-09 18:36:00 UTC+0000,20.79
2016-03-09 18:36:00 UTC+0000,20.79
2016-03-09 18:36:00 UTC+0000,20.79
2016-03-09 18:36:00 UTC+0000,20.79
2016-03-09 18:36:00 UTC+0000,20.79
2016-03-09 18:36:00 UTC+0000,20.79
2016-03-09 18:36:00 UTC+0000,20.79
2016-03-09 18:36:00 UTC+0000,20.79
2016-03-09 18:36:00 UTC+0000,20.79
2016-03-09 18:36:00 UTC+0000,20.79
2016-03-09 18:36:00 UTC+0000,20.79
2016-03-09 18:36:00 UTC+0000,20.79
2016-03-09 18:36:00 UTC+0000,20.79
2016-03-09 18:36:00 UTC+0000,20.79
2016-03-09 18:36:00 UTC+0000,20.79
2016-03-09 18:36:00 UTC+0000,20.79
2016-03-09 18:36:00 UTC+0000,20.79
2016-03-09 18:36:00 UTC+0000,20.79
2016-03-09 18:36:00 UTC+0000,20.79
2016-03-09 18:36:00 UTC+0000,20.79
2016-03-09 18:36:00 UTC+0000,20.79
2016-03-09 18:36:00 UTC+0000,20.79
2016-03-09 18:36:00 UTC+0000,20.79
2016-03-09 18:36:00 UTC+0000,20.79
2016-03-09 18:36:00 UTC+0000,20.79
2016-03-09 18:36:00 UTC+0000,20.79
2016-03-09 18:36:00 UTC+0000,20.79
2016-03-09 18:36:00 UTC+0000,20.79
2016-03-09 18:36:00 UTC+0000,20.79
2016-03-09 18:36:00 UTC+0000,20.79
2016-03-09 18:36:00 UTC+0000,20.79
2016-03-09 18:36:00 UTC+0000,20.79
2016-03-09 18:36:00 UTC+0000,20.79
2016-03-09 18:36:00 UTC+0000,20.79
2016-03-09 18:36:00 UTC+0000,20.79
2016-03-09 18:36:00 UTC+0000,20.79
2016-03-09 18:36:00 UTC+0000,20.79
2016-03-09 18:36:00 UTC+0000,20.79
2016-03-09 18:36:00 UTC+0000,20.79
2016-03-09 18:36:00 UTC+0000,20.79
2016-03-09 18:36:00 UTC+0000,20.79
2016-03-09 18:36:00 UTC+0000,20.79
2016-03-09 18:36:00 UTC+0000,20.79
2016-03-09 18:36:00 UTC+0000,20.79
2016-03-09 18:36:00 UTC+0000,20.79
2016-03-09 18:36:00 UTC+0000,20.79
2016-03-09 18:36:00 UTC+0000,20.79
2016-03-09 18:36:00 UTC+0000,20.79
2016-03-09 18:36:00 UTC+0000,20.79
2016-03-09 18:36:00 UTC+0000,20.79
2016-03-09 18:36:00 UTC+0000,20.79
2016-03-09 18:36:00 UTC+0000,20.79
2016-03-09 18:36:00 UTC+0000,20.79
2016-03-09 18:36:00 UTC+0000,20.79
2016-03-09 18:36:00 UTC+0000,20.79
2016-03-09 18:36:00 UTC+0000,20.79
2016-03-09 18:36:00 UTC+0000,20.79
2016-03-09 18:36:00 UTC+0000,20.79
2016-03-09 18:36:00 UTC+0000,20.79
2016-03-09 18:36:00 UTC+0000,20.79
2016-03-09 18:36:00 UTC+0000,20.79
2016-03-09 18:36:00 UTC+0000,20.79
2016-03-09 18:36:00 UTC+0000,20.79
2016-03-09 18:36:00 UTC+0000,20.79
2016-03-09 18:36:00 UTC+0000,20.79
2016-03-09 18:36:00 UTC+0000,20.79
2016-03-09 18:36:00 UTC+0000,20.79
2016-03-09 18:36:00 UTC+0000,20.79
2016-03-09 18:36:00 UTC+0000,20.79
2016-03-09 18:36:00 UTC+0000,20.79
2016-03-09 18:36:00 UTC+0000,20.79
2016-03-09 18:36:00 UTC+0000,20.79
2016-03-09 18:36:00 UTC+0000,20.79
2016-03-09 18:36:00 UTC+0000,20.79
2016-03-09 18:36:00 UTC+0000,20.79
2016-03-09 18:36:00 UTC+0000,20.79
2016-03-09 18:36:00 UTC+0000,20.79
2016-03-09 18:36:00 UTC+0000,20.79
2016-03-09 18:36:00 UTC+0000,20.79
2016-03-09 18:36:00 UTC+0000,20.79
2016-03-09 18:36:00 UTC+0000,20.79
2016-03-09 18:36:00 UTC+0000,20.79
2016-03-09 18:36:00 UTC+0000,20.79
2016-03-09 18:36:00 UTC+0000,20.79
